id,nome,email
1,Cliente1,cliente1@email.com
2,Cliente2,cliente2@email.com
3,Cliente3,cliente3@email.com
4,Cliente4,cliente4@email.com
5,Cliente5,cliente5@email.com
6,Cliente6,cliente6@email.com
7,Cliente7,cliente7@email.com
8,Cliente8,cliente8@email.com
9,Cliente9,cliente9@email.com
10,Cliente10,cliente10@email.com
11,Cliente11,cliente11@email.com
12,Cliente12,cliente12@email.com
13,Cliente13,cliente13@email.com
14,Cliente14,cliente14@email.com
15,Cliente15,cliente15@email.com
16,Cliente16,cliente16@email.com
17,Cliente17,cliente17@email.com
18,Cliente18,cliente18@email.com
19,Cliente19,cliente19@email.com
20,Cliente20,cliente20@email.com
